{
  "schemaVersion": 1,
  "id": "armordurability",
  "version": "${version}",
  "name": "Armor Durability Display",
  "description": "Shows armor durability when you press Q - Perfect for PvP!",
  "authors": [
    "MythForge"
  ],
  "contact": {
    "homepage": "https://github.com/mythforge/armor-durability",
    "sources": "https://github.com/mythforge/armor-durability"
  },
  "license": "MIT",
  "icon": "assets/armordurability/icon.png",
  "environment": "*",
  "entrypoints": {
    "main": [
      "com.armordurability.ArmorDurabilityMod"
    ],
    "client": [
      "com.armordurability.ArmorDurabilityClient"
    ]
  },
  "mixins": [
  ],
  "depends": {
    "fabricloader": ">=0.16.0",
    "minecraft": "~1.21",
    "java": ">=21",
    "fabric-api": "*"
  },
  "suggests": {
  }
}
